{"cameraMode":{"drawMode":0,"name":"Shaded","section":"Shading Mode"},"sceneLighting":true,"audioPlay":false,"sceneViewState":{"m_AlwaysRefresh":false,"showFog":true,"showSkybox":true,"showFlares":true,"showImageEffects":true,"showParticleSystems":true,"showVisualEffectGraphs":true,"m_FxEnabled":true},"in2DMode":false,"pivot":{"x":764.672119140625,"y":1273.1529541015625,"z":11.884307861328125},"rotation":{"x":0.08240528404712677,"y":-0.005379480309784412,"z":0.00044494320172816515,"w":0.9965848326683044},"size":1274.803466796875,"orthographic":false}