{"cameraMode":{"drawMode":0,"name":"Shaded","section":"Shading Mode"},"sceneLighting":true,"audioPlay":false,"sceneViewState":{"m_AlwaysRefresh":false,"showFog":true,"showSkybox":true,"showFlares":true,"showImageEffects":true,"showParticleSystems":true,"showVisualEffectGraphs":true,"m_FxEnabled":true},"in2DMode":false,"pivot":{"x":21.957439422607423,"y":9.066341400146485,"z":47.039268493652347},"rotation":{"x":0.2237652838230133,"y":-0.4272325336933136,"z":0.11000119894742966,"w":0.8690809607505798},"size":12.647703170776368,"orthographic":true}