{"cameraMode":{"drawMode":0,"name":"Shaded","section":"Shading Mode"},"sceneLighting":true,"audioPlay":false,"sceneViewState":{"m_AlwaysRefresh":false,"showFog":true,"showSkybox":true,"showFlares":true,"showImageEffects":true,"showParticleSystems":true,"showVisualEffectGraphs":true,"m_FxEnabled":true},"in2DMode":false,"pivot":{"x":122.73514556884766,"y":54.172576904296878,"z":67.1075210571289},"rotation":{"x":0.2724761366844177,"y":0.015010936185717583,"z":-0.004251360893249512,"w":0.9620368480682373},"size":143.9875946044922,"orthographic":true}